S_max,R,X
#kVar,pu,pu
100,0,0.55618
160,0,0.25202
250,0,0.25202
400,0,0.20912
630,0,0.17615